Timestamp,Workout,gender,minutes_per_day,Days_workout,Column 5
4/9/2025 7:36:56,No,Female,0,3,
4/9/2025 8:35:48,No,Male,0,1,
4/9/2025 8:47:35,Yes,Female,2,5,
4/9/2025 10:47:43,Yes,Female,120,5,
4/9/2025 10:53:40,Yes,Female,60,5,
4/9/2025 10:57:55,Yes,Female,75,5,
4/9/2025 14:02:28,Yes,Female,120,4,
4/9/2025 14:43:54,Yes,Male,20,4,
4/9/2025 15:04:20,Yes,Female,90,3,
4/9/2025 15:13:39,Yes,Female,75,7,
4/9/2025 15:24:36,Yes,Female,35,4,
4/9/2025 15:28:28,No,Female,5,2,
4/9/2025 15:32:51,Yes,Male,65,4,
4/9/2025 15:46:39,Yes,Female,30,4,
4/9/2025 15:54:00,Yes,Female,60,4,
4/9/2025 16:03:23,Yes,Female,60,3,
4/9/2025 16:03:42,No,Female,30,1,
4/9/2025 16:16:41,Yes,Male,60,6,
4/9/2025 16:23:01,Yes,Male,30,4,
4/9/2025 16:25:29,Yes,Female,45,3,
4/9/2025 16:43:55,Yes,Male,60,6,
4/9/2025 16:44:39,Yes,Female,60,3,
4/9/2025 17:18:12,Yes,Male,120,3,
4/9/2025 17:20:34,Yes,Female,30,4,
4/9/2025 17:30:47,No,Male,10,3,
4/9/2025 18:16:22,Yes,Male,75,5,
4/9/2025 18:16:41,Yes,Male,120,4,
4/9/2025 18:44:48,Yes,Female,60,5,
4/9/2025 19:04:23,Yes,Female,5,5,
4/9/2025 19:06:39,Yes,Female,90,5,
4/9/2025 19:10:42,No,Female,0,0,
4/9/2025 19:13:41,No,Female,0,0,
4/9/2025 19:24:18,Yes,Female,90,5,
4/9/2025 19:28:19,Yes,Female,60,5,
4/9/2025 19:28:28,Yes,Male,65,7,
4/9/2025 19:28:47,Yes,Female,90,3,
4/9/2025 19:31:14,Yes,Female,45,3,
4/9/2025 19:32:19,Yes,Female,40,3,
4/9/2025 19:32:51,No,Female,0,0,
4/9/2025 19:35:40,Yes,Male,60,3,
4/9/2025 19:39:11,No,Female,0,0,
4/9/2025 19:39:54,Yes,Male,60,3,
4/9/2025 19:40:26,No,Male,0,0,
4/9/2025 19:41:53,Yes,Female,20,5,
4/9/2025 19:56:10,Yes,Female,90,5,
4/9/2025 20:20:42,Yes,Female,70,3,
4/9/2025 20:39:31,Yes,Female,30,4,
4/9/2025 20:55:37,No,Male,15,5,
4/9/2025 20:56:57,Yes,Female,75,6,
4/9/2025 20:58:12,Yes,Female,60,3,
4/9/2025 21:00:29,No,Female,20,1,
4/9/2025 21:16:11,Yes,Male,1,4,
4/9/2025 21:31:38,No,Female,0,0,
4/9/2025 21:32:12,Yes,Male,90,4,
4/9/2025 21:36:45,Yes,Female,90,4,
4/9/2025 22:17:20,Yes,Female,2,6,
4/9/2025 23:01:45,Yes,Male,60,3,
4/9/2025 23:26:33,No,Female,0,0,
4/10/2025 8:16:26,Yes,Male,90,3,
4/10/2025 10:54:07,No,Male,0,0,
4/10/2025 10:56:03,Yes,Male,30,5,
4/10/2025 10:56:51,Yes,Female,30,4,
4/10/2025 10:59:17,Yes,Female,90,4,
4/10/2025 11:02:00,Yes,Female,60,6,
4/10/2025 11:24:51,Yes,Male,60,5,
4/10/2025 12:41:00,Yes,Male,120,3,
4/10/2025 12:53:06,Yes,Male,120,5,
4/10/2025 13:20:47,Yes,Female,25,4,
4/10/2025 13:22:24,Yes,Female,8,5,
4/10/2025 13:22:51,No,Female,8,7,
4/10/2025 13:37:18,Yes,Male,240,6,
4/10/2025 13:53:49,Yes,Male,90,4,
4/10/2025 14:10:48,Yes,Male,90,5,
4/10/2025 14:48:04,Yes,Female,150,5,
4/10/2025 14:56:54,Yes,Female,120,3,
4/10/2025 15:10:08,Yes,Female,30,1,
4/10/2025 15:12:28,Yes,Female,40,2,
4/10/2025 15:13:10,Yes,Female,15,5,
4/10/2025 15:14:33,Yes,Female,20,5,
4/10/2025 15:18:53,Yes,Male,90,5,
4/10/2025 15:20:03,No,Male,0,0,
4/10/2025 15:29:23,Yes,Male,90,7,
4/10/2025 15:58:24,Yes,Female,5,7,
4/10/2025 15:59:23,Yes,Female,60,7,
4/10/2025 16:48:40,Yes,Female,80,5,
4/10/2025 16:52:30,Yes,Male,120,6,
4/10/2025 17:27:42,Yes,Female,60,4,
4/10/2025 17:34:55,No,Female,60,2,
4/10/2025 18:19:32,No,Female,0,0,
4/10/2025 18:36:39,Yes,Female,120,5,
4/10/2025 19:13:56,Yes,Male,60,6,
4/10/2025 19:28:30,No,Female,0,0,
4/10/2025 19:55:29,No,Male,0,0,
4/10/2025 22:41:09,Yes,Female,180,5,
4/10/2025 22:41:09,Yes,Female,30,2,
4/10/2025 22:43:37,No,Female,60,1,
4/10/2025 22:45:49,Yes,Male,90,3,
4/11/2025 8:42:37,Yes,Male,45,5,
4/11/2025 9:34:10,Yes,Male,60,4,
4/11/2025 9:34:10,Yes,Male,60,6,
4/11/2025 9:35:17,Yes,Female,75,4,
4/11/2025 9:35:21,Yes,Female,15,2,
4/11/2025 9:35:28,Yes,Male,30,2,
4/11/2025 9:35:33,No,Male,0,0,
4/11/2025 9:36:44,Yes,Male,60,4,
4/11/2025 9:37:09,Yes,Female,120,3,
4/11/2025 9:37:21,No,Female,0,0,
4/11/2025 9:39:24,Yes,Female,20,5,